Titel;Frage;Ebene;Metabereichtyp;Bereichtyp;Raumtyp;Objektklasse;Objekttyp;Antworttyp;Antwortoptionen;Standard Antwort;Einheit;Bedingung;Pflicht;Foto_Pflicht;HilfeText;Kluster;Reihenfolge;Activ;Fragekatalog;Autor;Version;Änderungsdatum;Min_LOD;Zielgruppe;Fototyp;HilfeMedien;Objektart
R_Name;Raumname/-nummer?;Raum;;;;;;Text;;;-;immer;Ja;Nein;;Allgemein / Identifikation;10;Ja;Gebäudeaufnahme;MICHI;0.1;2026-08-03;200;Laie;-;;
R_Beschreibung;Kurzbeschreibung (optional)?;Raum;;;;;;Text;;;-;immer;Nein;Nein;;Allgemein / Identifikation;20;Ja;Gebäudeaufnahme;MICHI;0.1;2026-08-03;300;Fachkundig;-;;
R_KontaktOben;Grenzt der Raum nach OBEN an?;Raum;;;;;;Einzelauswahl;"beheizter Raum;unbeheizter Dachboden;Dach/Außenluft;weiß nicht";;-;immer;Ja;Nein;Steuert, ob obere Hüllbauteile (Dach/oberste Geschossdecke) abgefragt werden. Aus dem Bereich vorbelegt.;Bauphysik – Hülle;10;Ja;Gebäudeaufnahme;MICHI;0.1;2026-08-03;200;Laie;-;;
R_KontaktUnten;Grenzt der Raum nach UNTEN an?;Raum;;;;;;Einzelauswahl;"beheizter Raum;unbeheizter Keller;Erdreich;weiß nicht";;-;immer;Ja;Nein;Steuert Kellerdecke/Bodenplatte.;Bauphysik – Hülle;20;Ja;Gebäudeaufnahme;MICHI;0.1;2026-08-03;200;Laie;-;;
R_Grundflaeche;Grundfläche (m²)?;Raum;;;;;;Zahl;;;m²;immer;Ja;Nein;;Geometrie & Maße (Dimensionen);10;Ja;Gebäudeaufnahme;MICHI;0.1;2026-08-03;200;Laie;-;;
R_Raumhoehe;Lichte Raumhöhe (m)?;Raum;;;;;;Zahl;;;m;immer;Ja;Nein;;Geometrie & Maße (Dimensionen);20;Ja;Gebäudeaufnahme;MICHI;0.1;2026-08-03;200;Laie;-;;
R_Umfang;Umfang / Wandlänge gesamt (m)?;Raum;;;;;;Zahl;;;m;immer;Nein;Nein;"Für die Wandflächen; optional.";Geometrie & Maße (Dimensionen);30;Ja;Gebäudeaufnahme;MICHI;0.1;2026-08-03;400;Fachkundig;-;;
R_AnzAussenwaende;Wie viele Außenwände hat der Raum?;Raum;;;;;;Einzelauswahl;"0;1;2;3;4;weiß nicht";;-;immer;Ja;Nein;0 = innenliegender Raum. Legt je Außenwand eine Umfassungsfläche an.;Struktur & Verknüpfung;10;Ja;Gebäudeaufnahme;MICHI;0.1;2026-08-03;300;Fachkundig;-;;
R_DeckeZuordnung;Oberes Hüllbauteil zuordnen?;Raum;;;;;;Einzelauswahl;(Bauteil-Liste Dach/oberste Geschossdecke);;-;«R_KontaktOben» ungleich beheizter Raum;Nein;Nein;;Struktur & Verknüpfung;20;Ja;Gebäudeaufnahme;MICHI;0.1;2026-08-03;400;Fachkundig;-;;
R_BodenZuordnung;Unteres Hüllbauteil zuordnen?;Raum;;;;;;Einzelauswahl;(Bauteil-Liste Kellerdecke/Bodenplatte);;-;«R_KontaktUnten» ungleich beheizter Raum;Nein;Nein;;Struktur & Verknüpfung;30;Ja;Gebäudeaufnahme;MICHI;0.1;2026-08-03;400;Fachkundig;-;;
R_Beheizt;Ist der Raum beheizt?;Raum;;;;;;Ja/Nein;"Ja;Nein;weiß nicht";;-;immer;Ja;Nein;Aus dem Bereich vorbelegt.;Heizung;10;Ja;Gebäudeaufnahme;MICHI;0.1;2026-08-03;200;Laie;-;;
R_Solltemperatur;Nutzungs-/Solltemperatur (°C)?;Raum;;;;;;Zahl;;;°C;immer;Nein;Nein;;Nutzung & Betrieb;10;Ja;Gebäudeaufnahme;MICHI;0.1;2026-08-03;400;Fachkundig;-;;
R_Belegung;Belegung / max. Personen?;Raum;;;;;;Zahl;;;-;immer;Nein;Nein;;Nutzung & Betrieb;20;Ja;Gebäudeaufnahme;MICHI;0.1;2026-08-03;400;Fachkundig;-;;
R_Lueftungsbereich;Zu welchem Lüftungsbereich gehört der Raum?;Raum;;;;;;Einzelauswahl;(Lüftungsbereiche des Bereichs);;-;immer;Nein;Nein;"Lüftungsbereiche werden am Bereich angelegt (z. B. „LB1 Wohnen/Schlafen""). Hier nur zuordnen. Steuert die Lüftungsbilanz (Zuluft/Abluft/Überström) je Zone.";Lüftung;5;Ja;Gebäudeaufnahme;MICHI;0.1;2026-09-01;300;Fachkundig;;;
R_Foto;Raum-Übersichtsfoto;Raum;;;;;;Foto-Upload;;;-;immer;Nein;Ja;;Dokumentation / Foto;10;Ja;Gebäudeaufnahme;MICHI;0.1;2026-08-03;200;Laie;Übersicht;;
UF_Bauteiltyp;Bauteiltyp (aus Gebäude-Bauteilen)?;Raum;;;;;Umfassungsfläche;Einzelauswahl;(Außenwand-Liste AW01…);;-;immer;Ja;Nein;;Struktur & Verknüpfung;10;Ja;Gebäudeaufnahme;MICHI;0.1;2026-08-03;300;Fachkundig;-;;Sub-Objekt
UF_Orientierung;Orientierung?;Raum;;;;;Umfassungsfläche;Einzelauswahl;"Nord;Ost;Süd;West;weiß nicht";;-;immer;Ja;Nein;;Geometrie & Maße (Dimensionen);10;Ja;Gebäudeaufnahme;MICHI;0.1;2026-08-03;300;Fachkundig;-;;Sub-Objekt
UF_Laenge;Länge der Wand (m)?;Raum;;;;;Umfassungsfläche;Zahl;;;m;immer;Ja;Nein;;Geometrie & Maße (Dimensionen);20;Ja;Gebäudeaufnahme;MICHI;0.1;2026-08-03;300;Fachkundig;-;;Sub-Objekt
UF_Flaeche;Fläche (m², falls abweichend berechnet)?;Raum;;;;;Umfassungsfläche;Zahl;;;m²;immer;Nein;Nein;;Geometrie & Maße (Dimensionen);30;Ja;Gebäudeaufnahme;MICHI;0.1;2026-08-03;400;Fachkundig;-;;Sub-Objekt
R_Kond_Gekuehlt;Wird der Raum gekühlt?;Raum;;;;;;Ja/Nein;"Ja;Nein;weiß nicht";;-;«Gebaeudenutzung» = Nichtwohngebäude;Nein;Nein;Zonentrennkriterium: gleiches Nutzungsprofil mit/ohne Kühlung = verschiedene Zonen.;Nutzung & Betrieb;6;Ja;Gebäudeaufnahme;MICHI;0.1;2026-09-01;300;Fachkundig;;;
R_Kond_MechLueftung;Wird der Raum mechanisch be-/entlüftet (RLT)?;Raum;;;;;;Ja/Nein;"Ja;Nein;weiß nicht";;-;«Gebaeudenutzung» = Nichtwohngebäude;Nein;Nein;Zonentrennkriterium: raumlufttechnisch versorgt vs. frei belüftet.;Nutzung & Betrieb;7;Ja;Gebäudeaufnahme;MICHI;0.1;2026-09-01;300;Fachkundig;;;
R_Kond_Beleuchtung;Kunstbeleuchtung bilanzrelevant (18599)?;Raum;;;;;;Ja/Nein;"Ja;Nein;weiß nicht";;-;«Gebaeudenutzung» = Nichtwohngebäude;Nein;Nein;Zonentrennkriterium: abweichende Beleuchtungsanforderung = eigene Zone.;Nutzung & Betrieb;8;Ja;Gebäudeaufnahme;MICHI;0.1;2026-09-01;300;Planer;;;
R_Zone18599;Welcher Nutzungszone (DIN 18599) gehört der Raum an?;Raum;;;;;;Einzelauswahl;(18599-Zonen des Bereichs);;-;«Gebaeudenutzung» = Nichtwohngebäude;Nein;Nein;Nur für Nichtwohngebäude. Zone = Nutzungsprofil + Konditionierung. Zonen werden am Bereich angelegt.;Nutzung & Betrieb;9;Ja;Gebäudeaufnahme;MICHI;0.1;2026-09-01;300;Planer;;;
AR_Nutzung;Überwiegende Nutzung des Raums?;Raum;;;Aufenthalt;;;Einzelauswahl;"Wohnen;Schlafen;Kinderzimmer;Arbeiten/Homeoffice;Essen;Büro;Verkauf/Laden;Aufenthalt allgemein;weiß nicht";;-;immer;Ja;Nein;Verfeinert Belegung und Solltemperatur.;Nutzung & Betrieb;10;Ja;Gebäudeaufnahme;MICHI;0.1;2026-09-01;200;Laie;;;
AR_Lueftung;Lüftung des Raums?;Raum;;;Aufenthalt;;;Einzelauswahl;"Fensterlüftung;dezentrale Lüftung (Zuluftgerät);zentrale Zu-/Abluft;weiß nicht";;-;immer;Ja;Nein;Aufenthaltsräume sind Zulufträume – für die Lüftungsbilanz relevant.;Lüftung;10;Ja;Gebäudeaufnahme;MICHI;0.1;2026-09-01;200;Laie;;;
AR_Aussenluftdurchlass;Außenluftdurchlass (ALD) im Fenster/Wand vorhanden?;Raum;;;Aufenthalt;;;Ja/Nein;"Ja;Nein;weiß nicht";;-;immer;Nein;Nein;Nachströmöffnung für die freie Lüftung (DIN 1946-6).;Lüftung;20;Ja;Gebäudeaufnahme;MICHI;0.1;2026-09-01;400;Fachkundig;;;
AR_Feuchte;Feuchte-/Schimmelspuren? (Mehrfach);Raum;;;Aufenthalt;;;Mehrfachauswahl;"keine;Schimmel in Raumecken/an Außenwand;Feuchte an Fensterlaibung;weiß nicht";;-;immer;Nein;Nein;;Schäden / Mangel;10;Ja;Gebäudeaufnahme;MICHI;0.1;2026-09-01;200;Laie;;;
NR_Lueftung;Entlüftung des Raums?;Raum;;;Nassraum;;;Einzelauswahl;"Fensterlüftung;mechanische Abluft (Ventilator);zentrale Abluftanlage;keine;weiß nicht";;-;immer;Ja;Nein;Nassräume sind Ablufträume – für die Lüftungsbilanz relevant.;Lüftung;10;Ja;Gebäudeaufnahme;MICHI;0.1;2026-09-01;200;Laie;;;
NR_AbluftVolumen;Abluftvolumenstrom (m³/h, falls bekannt)?;Raum;;;Nassraum;;;Zahl;;;m³/h;«NR_Lueftung» ungleich Fensterlüftung;Nein;Nein;;Lüftung;20;Ja;Gebäudeaufnahme;MICHI;0.1;2026-09-01;400;Fachkundig;;;
NR_Abdichtung;Abdichtung im Nassbereich?;Raum;;;Nassraum;;;Einzelauswahl;"Verbundabdichtung (unter Fliesen);Fliesen ohne Abdichtung;unbekannt;weiß nicht";;-;immer;Nein;Nein;;Bauphysik – Hülle;50;Ja;Gebäudeaufnahme;MICHI;0.1;2026-09-01;400;Fachkundig;;;
NR_Feuchte;Feuchte-/Schimmelspuren? (Mehrfach);Raum;;;Nassraum;;;Mehrfachauswahl;"keine;Schimmel an Fugen;Feuchte an Wänden/Decke;abblätternde Farbe;weiß nicht";;-;immer;Nein;Nein;;Schäden / Mangel;10;Ja;Gebäudeaufnahme;MICHI;0.1;2026-09-01;200;Laie;;;
ER_Lueftung;Lüftung des Raums?;Raum;;;Erschließung;;;Einzelauswahl;"Überströmung aus Nachbarräumen;Fensterlüftung;mechanische Entlüftung;weiß nicht";;-;immer;Nein;Nein;Flure/Treppenhäuser sind meist Überströmräume.;Lüftung;10;Ja;Gebäudeaufnahme;MICHI;0.1;2026-09-01;300;Fachkundig;;;
ER_Rauchabzug;Rauchabzug / RWA vorhanden?;Raum;;;Erschließung;;;Einzelauswahl;"ja, RWA/Rauchabzug;nein;weiß nicht";;-;immer;Nein;Nein;Relevant in Treppenhäusern/Fluchtwegen.;Lüftung;20;Ja;Gebäudeaufnahme;MICHI;0.1;2026-09-01;400;Fachkundig;;;
LG_Lueftung;Lüftung des Raums?;Raum;;;Lager;;;Einzelauswahl;"Fensterlüftung;Kellerlüftung/Schacht;mechanische Abluft;keine;weiß nicht";;-;immer;Nein;Nein;;Lüftung;10;Ja;Gebäudeaufnahme;MICHI;0.1;2026-09-01;300;Fachkundig;;;
LG_Feuchte;Feuchte-/Schimmelspuren? (Mehrfach);Raum;;;Lager;;;Mehrfachauswahl;"keine;feuchte Wände;muffiger Geruch;Salpeter/Ausblühungen;weiß nicht";;-;immer;Nein;Nein;;Schäden / Mangel;10;Ja;Gebäudeaufnahme;MICHI;0.1;2026-09-01;200;Laie;;;
TE_Verbrennungsluft;Verbrennungsluft-Versorgung im Raum?;Raum;;;Technik;;;Einzelauswahl;"Öffnung/Leitung ins Freie;keine (raumluftabhängig);nicht relevant (elektr. Erzeuger);weiß nicht";;-;immer;Ja;Nein;Für Feuerstätten (Gas/Öl/Pellet) zwingend – beeinflusst die Lüftungsbilanz.;Lüftung;10;Ja;Gebäudeaufnahme;MICHI;0.1;2026-09-01;200;Laie;;;
TE_Brandabschnitt;Eigener Brandabschnitt (F90/Brandschutztür)?;Raum;;;Technik;;;Einzelauswahl;"ja;nein;weiß nicht";;-;immer;Nein;Nein;;Bauphysik – Hülle;50;Ja;Gebäudeaufnahme;MICHI;0.1;2026-09-01;400;Fachkundig;;;
AU_Art;Art der Außenfläche?;Raum;;;Außen;;;Einzelauswahl;"Balkon;Loggia;Terrasse;Dachterrasse;Stellplatz;Grünfläche;sonstige;weiß nicht";;-;immer;Ja;Nein;;Nutzung & Betrieb;10;Ja;Gebäudeaufnahme;MICHI;0.1;2026-09-01;200;Laie;;;
AU_Anbindung;Bauliche Anbindung an das Gebäude?;Raum;;;Außen;;;Einzelauswahl;"auskragende Platte (Wärmebrücke);über beheiztem Raum;freistehend;weiß nicht";;-;immer;Nein;Nein;Auskragende Balkonplatten sind relevante Wärmebrücken.;Bauphysik – Hülle;10;Ja;Gebäudeaufnahme;MICHI;0.1;2026-09-01;400;Fachkundig;;;
KUE_Lueftung;Entlüftung / Dunstabzug?;Raum;;;Küche;;;Einzelauswahl;"Fensterlüftung;Umluft-Dunstabzug;Ablufthaube nach außen;zentrale Abluftanlage;keine;weiß nicht";;-;immer;Ja;Nein;Küche ist Abluftraum – für die Lüftungsbilanz relevant.;Lüftung;10;Ja;Gebäudeaufnahme;MICHI;0.1;2026-09-01;200;Laie;;;
KUE_AbluftVolumen;Abluftvolumenstrom (m³/h, falls bekannt)?;Raum;;;Küche;;;Zahl;;;m³/h;«KUE_Lueftung» ungleich Fensterlüftung;Nein;Nein;;Lüftung;20;Ja;Gebäudeaufnahme;MICHI;0.1;2026-09-01;400;Fachkundig;;;
KUE_Herd;Art des Kochfelds/Herds?;Raum;;;Küche;;;Einzelauswahl;"Elektro/Ceran;Induktion;Gasherd;keiner;weiß nicht";;-;immer;Ja;Nein;Gasherd → Verbrennungsluft und Gasanschluss werden relevant.;Nutzung & Betrieb;10;Ja;Gebäudeaufnahme;MICHI;0.1;2026-09-01;200;Laie;;;
KUE_Grossgeraete;Vorhandene Großgeräte? (Mehrfach);Raum;;;Küche;;;Mehrfachauswahl;"Kühl-/Gefriergerät;Geschirrspüler;Backofen;Waschmaschine;Trockner;Mikrowelle;keine;weiß nicht";;-;immer;Nein;Nein;Steuert Strom-, Wasser- und Abwasseranschlüsse.;Nutzung & Betrieb;20;Ja;Gebäudeaufnahme;MICHI;0.1;2026-09-01;200;Laie;;;
KUE_Feuchte;Feuchte-/Schimmelspuren? (Mehrfach);Raum;;;Küche;;;Mehrfachauswahl;"keine;Schimmel an Fugen;Feuchte an Wänden/Decke;abblätternde Farbe;weiß nicht";;-;immer;Nein;Nein;;Schäden / Mangel;10;Ja;Gebäudeaufnahme;MICHI;0.1;2026-09-01;200;Laie;;;
WZ_Feuerstaette;Kaminofen oder offenes Feuer im Raum?;Raum;;;Wohnzimmer;;;Einzelauswahl;"nein;Kaminofen (geschlossen);offener Kamin;Pelletofen;Gaskamin;weiß nicht";;-;immer;Ja;Nein;Feuerstätten ziehen Verbrennungsluft und beeinflussen die Lüftungsbilanz – wichtig bei gleichzeitiger Abluftanlage.;Lüftung;30;Ja;Gebäudeaufnahme;MICHI;0.1;2026-09-01;200;Laie;;;
WZ_Verbrennungsluft;Verbrennungsluft-Zufuhr der Feuerstätte?;Raum;;;Wohnzimmer;;;Einzelauswahl;"eigene Außenluftleitung (raumluftunabhängig);aus dem Raum (raumluftabhängig);weiß nicht";;-;«WZ_Feuerstaette» ungleich nein;Nein;Nein;Raumluftabhängige Feuerstätten erfordern bei Abluftanlagen ggf. einen Differenzdruckwächter (DIBt).;Lüftung;40;Ja;Gebäudeaufnahme;MICHI;0.1;2026-09-01;400;Fachkundig;;;
BUE_Arbeitsplaetze;Anzahl Arbeitsplätze im Raum?;Raum;;;Büro/Aufenthalt;;;Zahl;;;-;immer;Nein;Nein;Interne Lasten und Lüftungsbedarf.;Nutzung & Betrieb;30;Ja;Gebäudeaufnahme;MICHI;0.1;2026-09-01;300;Fachkundig;;;
VK_Kuehlmoebel;Verkaufskühlmöbel im Raum vorhanden?;Raum;;;Verkauf;;;Ja/Nein;"Ja;Nein;weiß nicht";;-;immer;Nein;Nein;Relevant für die Kältelast.;Kälte;30;Ja;Gebäudeaufnahme;MICHI;0.1;2026-09-01;300;Fachkundig;;;
WK_Waeschetrocknung;Art der Wäschetrocknung?;Raum;;;Waschküche;;;Einzelauswahl;"Ablufttrockner;Kondens-/Wärmepumpentrockner;Wäscheleine/Ständer;weiß nicht";;-;immer;Nein;Nein;Beeinflusst die Feuchtelast des Raums.;Nutzung & Betrieb;30;Ja;Gebäudeaufnahme;MICHI;0.1;2026-09-01;300;Fachkundig;;;
R_ArchBodenbelag;Bodenbelag erfassen?;Raum;;;;;;Ja/Nein;"Ja;Nein";;-;immer;Nein;Nein;FM: legt einen Bodenbelag-Datensatz für den Raumboden an.;Struktur & Verknüpfung;40;Ja;Gebäudeaufnahme;MICHI;0.2;2026-09-02;300;Laie;;;
R_ArchFussleiste;Fußleisten erfassen?;Raum;;;;;;Ja/Nein;"Ja;Nein";;-;immer;Nein;Nein;;Struktur & Verknüpfung;41;Ja;Gebäudeaufnahme;MICHI;0.2;2026-09-02;300;Fachkundig;;;
R_ArchWandverkleidung;Anzahl Wandverkleidungen/Fliesenspiegel?;Raum;;;;;;Zahl;;0;-;immer;Nein;Nein;"0 = keine; je Verkleidung ein Datensatz, einer Wand zugeordnet.";Struktur & Verknüpfung;42;Ja;Gebäudeaufnahme;MICHI;0.2;2026-09-02;300;Fachkundig;;;
R_ArchNische;Anzahl Nischen/Rücksprünge?;Raum;;;;;;Zahl;;0;-;immer;Nein;Nein;"0 = keine; je Nische ein Datensatz, einer Wand zugeordnet.";Struktur & Verknüpfung;43;Ja;Gebäudeaufnahme;MICHI;0.2;2026-09-02;300;Fachkundig;;;
AB_Material;Bodenbelag – Material?;Raum;;;;Architektur;Bodenbelag;Einzelauswahl;"Parkett/Holz;Laminat;Fliesen;Naturstein;Teppich;PVC/Vinyl;Linoleum;Kork;Estrich (sichtbar);weiß nicht";;-;immer;Ja;Nein;;Architektur;10;Ja;Gebäudeaufnahme;MICHI;0.2;2026-09-02;300;Laie;;;Sub-Objekt
AB_Zustand;Zustand des Bodenbelags?;Raum;;;;Architektur;Bodenbelag;Einzelauswahl;"neuwertig;gebraucht;abgenutzt/renovierungsbedürftig;weiß nicht";;-;immer;Nein;Nein;;Architektur;20;Ja;Gebäudeaufnahme;MICHI;0.2;2026-09-02;300;Fachkundig;;;Sub-Objekt
AB_Foto;Foto des Bodenbelags;Raum;;;;Architektur;Bodenbelag;Foto-Upload;;;-;immer;Nein;Nein;;Dokumentation / Foto;30;Ja;Gebäudeaufnahme;MICHI;0.2;2026-09-02;300;Laie;;;Sub-Objekt
FL_Material;Fußleiste – Material?;Raum;;;;Architektur;Fußleiste;Einzelauswahl;"Holz;MDF/foliert;Kunststoff;Metall;Naturstein;weiß nicht";;-;immer;Nein;Nein;;Architektur;10;Ja;Gebäudeaufnahme;MICHI;0.2;2026-09-02;300;Fachkundig;;;Sub-Objekt
FL_Profil;Fußleiste – Profil?;Raum;;;;Architektur;Fußleiste;Einzelauswahl;"Rechteck/Standard;Hohlkehle;Sockelleiste (hoch);Kabelkanal-Leiste;sonstige;weiß nicht";;-;immer;Nein;Nein;;Architektur;20;Ja;Gebäudeaufnahme;MICHI;0.2;2026-09-02;300;Fachkundig;;;Sub-Objekt
FL_Hoehe;Fußleiste – Höhe (cm)?;Raum;;;;Architektur;Fußleiste;Zahl;;;cm;immer;Nein;Nein;;Geometrie & Maße (Dimensionen);30;Ja;Gebäudeaufnahme;MICHI;0.2;2026-09-02;300;Fachkundig;;;Sub-Objekt
FL_Tiefe;Fußleiste – Tiefe/Ausladung (cm)?;Raum;;;;Architektur;Fußleiste;Zahl;;;cm;immer;Nein;Nein;;Geometrie & Maße (Dimensionen);31;Ja;Gebäudeaufnahme;MICHI;0.2;2026-09-02;300;Fachkundig;;;Sub-Objekt
FL_Foto;Foto der Fußleiste;Raum;;;;Architektur;Fußleiste;Foto-Upload;;;-;immer;Nein;Nein;;Dokumentation / Foto;40;Ja;Gebäudeaufnahme;MICHI;0.2;2026-09-02;300;Fachkundig;;;Sub-Objekt
WV_Art;Art der Wandverkleidung?;Raum;;;;Architektur;Wandverkleidung/Fliesenspiegel;Einzelauswahl;"Fliesenspiegel;Wandfliesen (raumhoch);Holzverkleidung;Paneele;Steinverkleidung;Akustikverkleidung;sonstige;weiß nicht";;-;immer;Ja;Nein;;Architektur;10;Ja;Gebäudeaufnahme;MICHI;0.2;2026-09-02;300;Fachkundig;;;Sub-Objekt
WV_Wand;An welcher Wand?;Raum;;;;Architektur;Wandverkleidung/Fliesenspiegel;Einzelauswahl;(Wände des Raums – Umfassungsflächen + Innenwand/Freitext);;-;immer;Ja;Nein;;Struktur & Verknüpfung;10;Ja;Gebäudeaufnahme;MICHI;0.2;2026-09-02;300;Fachkundig;;;Sub-Objekt
WV_Hoehe;Höhe (cm)?;Raum;;;;Architektur;Wandverkleidung/Fliesenspiegel;Zahl;;;cm;immer;Nein;Nein;;Geometrie & Maße (Dimensionen);20;Ja;Gebäudeaufnahme;MICHI;0.2;2026-09-02;300;Fachkundig;;;Sub-Objekt
WV_Breite;Breite (cm)?;Raum;;;;Architektur;Wandverkleidung/Fliesenspiegel;Zahl;;;cm;immer;Nein;Nein;;Geometrie & Maße (Dimensionen);21;Ja;Gebäudeaufnahme;MICHI;0.2;2026-09-02;300;Fachkundig;;;Sub-Objekt
WV_Tiefe;Aufbaudicke (mm)?;Raum;;;;Architektur;Wandverkleidung/Fliesenspiegel;Zahl;;;mm;immer;Nein;Nein;;Geometrie & Maße (Dimensionen);22;Ja;Gebäudeaufnahme;MICHI;0.2;2026-09-02;300;Fachkundig;;;Sub-Objekt
WV_Foto;Foto der Verkleidung;Raum;;;;Architektur;Wandverkleidung/Fliesenspiegel;Foto-Upload;;;-;immer;Nein;Ja;;Dokumentation / Foto;30;Ja;Gebäudeaufnahme;MICHI;0.2;2026-09-02;300;Laie;;;Sub-Objekt
NI_Art;Art?;Raum;;;;Architektur;Rücksprung/Nische;Einzelauswahl;"Nische;Rücksprung;Vorsprung/Erker;Installationsschacht;sonstige;weiß nicht";;-;immer;Ja;Nein;;Architektur;10;Ja;Gebäudeaufnahme;MICHI;0.2;2026-09-02;300;Fachkundig;;;Sub-Objekt
NI_Wand;An welcher Wand?;Raum;;;;Architektur;Rücksprung/Nische;Einzelauswahl;(Wände des Raums – Umfassungsflächen + Innenwand/Freitext);;-;immer;Ja;Nein;;Struktur & Verknüpfung;10;Ja;Gebäudeaufnahme;MICHI;0.2;2026-09-02;300;Fachkundig;;;Sub-Objekt
NI_Hoehe;Höhe (cm)?;Raum;;;;Architektur;Rücksprung/Nische;Zahl;;;cm;immer;Nein;Nein;;Geometrie & Maße (Dimensionen);20;Ja;Gebäudeaufnahme;MICHI;0.2;2026-09-02;300;Fachkundig;;;Sub-Objekt
NI_Breite;Breite (cm)?;Raum;;;;Architektur;Rücksprung/Nische;Zahl;;;cm;immer;Nein;Nein;;Geometrie & Maße (Dimensionen);21;Ja;Gebäudeaufnahme;MICHI;0.2;2026-09-02;300;Fachkundig;;;Sub-Objekt
NI_Tiefe;Tiefe (cm)?;Raum;;;;Architektur;Rücksprung/Nische;Zahl;;;cm;immer;Nein;Nein;;Geometrie & Maße (Dimensionen);22;Ja;Gebäudeaufnahme;MICHI;0.2;2026-09-02;300;Fachkundig;;;Sub-Objekt
NI_Foto;Foto der Nische/des Rücksprungs;Raum;;;;Architektur;Rücksprung/Nische;Foto-Upload;;;-;immer;Nein;Ja;;Dokumentation / Foto;30;Ja;Gebäudeaufnahme;MICHI;0.2;2026-09-02;300;Laie;;;Sub-Objekt
